,link
0,https://www.wadiz.kr/web/campaign/detail/104957
1,https://www.wadiz.kr/web/campaign/detail/105819
2,https://www.wadiz.kr/web/campaign/detail/101162
3,https://www.wadiz.kr/web/campaign/detail/106938
4,https://www.wadiz.kr/web/campaign/detail/107195
5,https://www.wadiz.kr/web/campaign/detail/109861
6,https://www.wadiz.kr/web/campaign/detail/75579
7,https://www.wadiz.kr/web/campaign/detail/57661
8,https://www.wadiz.kr/web/campaign/detail/29175
9,https://www.wadiz.kr/web/campaign/detail/40493
10,https://www.wadiz.kr/web/campaign/detail/52042
11,https://www.wadiz.kr/web/campaign/detail/57771
12,https://www.wadiz.kr/web/campaign/detail/15247
13,https://www.wadiz.kr/web/campaign/detail/30956
14,https://www.wadiz.kr/web/campaign/detail/1137
15,https://www.wadiz.kr/web/campaign/detail/45481
16,https://www.wadiz.kr/web/campaign/detail/48945
17,https://www.wadiz.kr/web/campaign/detail/27150
18,https://www.wadiz.kr/web/campaign/detail/43153
19,https://www.wadiz.kr/web/campaign/detail/34590
20,https://www.wadiz.kr/web/campaign/detail/25025
21,https://www.wadiz.kr/web/campaign/detail/21694
22,https://www.wadiz.kr/web/campaign/detail/3529
23,https://www.wadiz.kr/web/campaign/detail/24354
24,https://www.wadiz.kr/web/campaign/detail/100958
25,https://www.wadiz.kr/web/campaign/detail/30367
26,https://www.wadiz.kr/web/campaign/detail/49796
27,https://www.wadiz.kr/web/campaign/detail/14958
28,https://www.wadiz.kr/web/campaign/detail/61863
29,https://www.wadiz.kr/web/campaign/detail/18944
30,https://www.wadiz.kr/web/campaign/detail/814
31,https://www.wadiz.kr/web/campaign/detail/43261
32,https://www.wadiz.kr/web/campaign/detail/30565
33,https://www.wadiz.kr/web/campaign/detail/26933
34,https://www.wadiz.kr/web/campaign/detail/65389
35,https://www.wadiz.kr/web/campaign/detail/28537
36,https://www.wadiz.kr/web/campaign/detail/15968
37,https://www.wadiz.kr/web/campaign/detail/11384
38,https://www.wadiz.kr/web/campaign/detail/2389
39,https://www.wadiz.kr/web/campaign/detail/13247
40,https://www.wadiz.kr/web/campaign/detail/91324
41,https://www.wadiz.kr/web/campaign/detail/31447
42,https://www.wadiz.kr/web/campaign/detail/75425
43,https://www.wadiz.kr/web/campaign/detail/24446
44,https://www.wadiz.kr/web/campaign/detail/30541
45,https://www.wadiz.kr/web/campaign/detail/46446
46,https://www.wadiz.kr/web/campaign/detail/39440
47,https://www.wadiz.kr/web/campaign/detail/52900
48,https://www.wadiz.kr/web/campaign/detail/56749
49,https://www.wadiz.kr/web/campaign/detail/11933
50,https://www.wadiz.kr/web/campaign/detail/33811
51,https://www.wadiz.kr/web/campaign/detail/70177
52,https://www.wadiz.kr/web/campaign/detail/21150
53,https://www.wadiz.kr/web/campaign/detail/7648
54,https://www.wadiz.kr/web/campaign/detail/54689
55,https://www.wadiz.kr/web/campaign/detail/793
56,https://www.wadiz.kr/web/campaign/detail/26270
57,https://www.wadiz.kr/web/campaign/detail/5275
58,https://www.wadiz.kr/web/campaign/detail/2440
59,https://www.wadiz.kr/web/campaign/detail/58987
60,https://www.wadiz.kr/web/campaign/detail/9145
61,https://www.wadiz.kr/web/campaign/detail/80574
62,https://www.wadiz.kr/web/campaign/detail/13561
63,https://www.wadiz.kr/web/campaign/detail/60078
64,https://www.wadiz.kr/web/campaign/detail/74190
65,https://www.wadiz.kr/web/campaign/detail/16819
66,https://www.wadiz.kr/web/campaign/detail/24012
67,https://www.wadiz.kr/web/campaign/detail/64226
68,https://www.wadiz.kr/web/campaign/detail/11179
69,https://www.wadiz.kr/web/campaign/detail/480
70,https://www.wadiz.kr/web/campaign/detail/3108
71,https://www.wadiz.kr/web/campaign/detail/4378
72,https://www.wadiz.kr/web/campaign/detail/80113
73,https://www.wadiz.kr/web/campaign/detail/31838
74,https://www.wadiz.kr/web/campaign/detail/80597
75,https://www.wadiz.kr/web/campaign/detail/48815
76,https://www.wadiz.kr/web/campaign/detail/33431
77,https://www.wadiz.kr/web/campaign/detail/25966
78,https://www.wadiz.kr/web/campaign/detail/8503
79,https://www.wadiz.kr/web/campaign/detail/49066
80,https://www.wadiz.kr/web/campaign/detail/28785
81,https://www.wadiz.kr/web/campaign/detail/4510
82,https://www.wadiz.kr/web/campaign/detail/13991
83,https://www.wadiz.kr/web/campaign/detail/27566
84,https://www.wadiz.kr/web/campaign/detail/37222
85,https://www.wadiz.kr/web/campaign/detail/99324
86,https://www.wadiz.kr/web/campaign/detail/36241
87,https://www.wadiz.kr/web/campaign/detail/14019
88,https://www.wadiz.kr/web/campaign/detail/4590
89,https://www.wadiz.kr/web/campaign/detail/64225
90,https://www.wadiz.kr/web/campaign/detail/84410
91,https://www.wadiz.kr/web/campaign/detail/2344
92,https://www.wadiz.kr/web/campaign/detail/40890
93,https://www.wadiz.kr/web/campaign/detail/75805
94,https://www.wadiz.kr/web/campaign/detail/1846
95,https://www.wadiz.kr/web/campaign/detail/13916
96,https://www.wadiz.kr/web/campaign/detail/32693
97,https://www.wadiz.kr/web/campaign/detail/8402
98,https://www.wadiz.kr/web/campaign/detail/63
99,https://www.wadiz.kr/web/campaign/detail/15564
100,https://www.wadiz.kr/web/campaign/detail/24591
101,https://www.wadiz.kr/web/campaign/detail/28674
102,https://www.wadiz.kr/web/campaign/detail/33517
103,https://www.wadiz.kr/web/campaign/detail/63210
104,https://www.wadiz.kr/web/campaign/detail/11479
105,https://www.wadiz.kr/web/campaign/detail/14726
106,https://www.wadiz.kr/web/campaign/detail/93559
107,https://www.wadiz.kr/web/campaign/detail/105989
108,https://www.wadiz.kr/web/campaign/detail/895
109,https://www.wadiz.kr/web/campaign/detail/8396
110,https://www.wadiz.kr/web/campaign/detail/11427
111,https://www.wadiz.kr/web/campaign/detail/30313
112,https://www.wadiz.kr/web/campaign/detail/59641
113,https://www.wadiz.kr/web/campaign/detail/18853
114,https://www.wadiz.kr/web/campaign/detail/15033
115,https://www.wadiz.kr/web/campaign/detail/30504
116,https://www.wadiz.kr/web/campaign/detail/506
117,https://www.wadiz.kr/web/campaign/detail/30072
118,https://www.wadiz.kr/web/campaign/detail/31483
119,https://www.wadiz.kr/web/campaign/detail/12616
120,https://www.wadiz.kr/web/campaign/detail/46745
121,https://www.wadiz.kr/web/campaign/detail/8481
122,https://www.wadiz.kr/web/campaign/detail/29447
123,https://www.wadiz.kr/web/campaign/detail/94854
124,https://www.wadiz.kr/web/campaign/detail/23600
125,https://www.wadiz.kr/web/campaign/detail/1805
126,https://www.wadiz.kr/web/campaign/detail/7259
127,https://www.wadiz.kr/web/campaign/detail/45505
128,https://www.wadiz.kr/web/campaign/detail/1994
129,https://www.wadiz.kr/web/campaign/detail/4214
130,https://www.wadiz.kr/web/campaign/detail/42012
131,https://www.wadiz.kr/web/campaign/detail/24817
132,https://www.wadiz.kr/web/campaign/detail/17474
133,https://www.wadiz.kr/web/campaign/detail/42126
134,https://www.wadiz.kr/web/campaign/detail/31225
135,https://www.wadiz.kr/web/campaign/detail/43316
136,https://www.wadiz.kr/web/campaign/detail/90943
137,https://www.wadiz.kr/web/campaign/detail/33387
138,https://www.wadiz.kr/web/campaign/detail/72586
139,https://www.wadiz.kr/web/campaign/detail/23839
140,https://www.wadiz.kr/web/campaign/detail/522
141,https://www.wadiz.kr/web/campaign/detail/10713
142,https://www.wadiz.kr/web/campaign/detail/68050
143,https://www.wadiz.kr/web/campaign/detail/4176
144,https://www.wadiz.kr/web/campaign/detail/33275
145,https://www.wadiz.kr/web/campaign/detail/85262
146,https://www.wadiz.kr/web/campaign/detail/72725
147,https://www.wadiz.kr/web/campaign/detail/61078
148,https://www.wadiz.kr/web/campaign/detail/30551
149,https://www.wadiz.kr/web/campaign/detail/46
150,https://www.wadiz.kr/web/campaign/detail/514
151,https://www.wadiz.kr/web/campaign/detail/419
152,https://www.wadiz.kr/web/campaign/detail/39491
153,https://www.wadiz.kr/web/campaign/detail/42099
154,https://www.wadiz.kr/web/campaign/detail/23402
155,https://www.wadiz.kr/web/campaign/detail/68784
156,https://www.wadiz.kr/web/campaign/detail/682
157,https://www.wadiz.kr/web/campaign/detail/7231
158,https://www.wadiz.kr/web/campaign/detail/10820
159,https://www.wadiz.kr/web/campaign/detail/37229
160,https://www.wadiz.kr/web/campaign/detail/1293
161,https://www.wadiz.kr/web/campaign/detail/1124
162,https://www.wadiz.kr/web/campaign/detail/19988
163,https://www.wadiz.kr/web/campaign/detail/24750
164,https://www.wadiz.kr/web/campaign/detail/1859
165,https://www.wadiz.kr/web/campaign/detail/1373
166,https://www.wadiz.kr/web/campaign/detail/1399
167,https://www.wadiz.kr/web/campaign/detail/19068
168,https://www.wadiz.kr/web/campaign/detail/35064
169,https://www.wadiz.kr/web/campaign/detail/77451
170,https://www.wadiz.kr/web/campaign/detail/67658
171,https://www.wadiz.kr/web/campaign/detail/74076
172,https://www.wadiz.kr/web/campaign/detail/83751
173,https://www.wadiz.kr/web/campaign/detail/640
174,https://www.wadiz.kr/web/campaign/detail/15387
175,https://www.wadiz.kr/web/campaign/detail/19408
176,https://www.wadiz.kr/web/campaign/detail/68323
177,https://www.wadiz.kr/web/campaign/detail/8499
178,https://www.wadiz.kr/web/campaign/detail/1257
179,https://www.wadiz.kr/web/campaign/detail/4003
180,https://www.wadiz.kr/web/campaign/detail/56730
181,https://www.wadiz.kr/web/campaign/detail/12199
182,https://www.wadiz.kr/web/campaign/detail/32155
183,https://www.wadiz.kr/web/campaign/detail/38923
184,https://www.wadiz.kr/web/campaign/detail/4355
185,https://www.wadiz.kr/web/campaign/detail/23794
186,https://www.wadiz.kr/web/campaign/detail/58495
187,https://www.wadiz.kr/web/campaign/detail/16107
188,https://www.wadiz.kr/web/campaign/detail/60122
189,https://www.wadiz.kr/web/campaign/detail/62614
190,https://www.wadiz.kr/web/campaign/detail/756
191,https://www.wadiz.kr/web/campaign/detail/12334
192,https://www.wadiz.kr/web/campaign/detail/13508
193,https://www.wadiz.kr/web/campaign/detail/18345
194,https://www.wadiz.kr/web/campaign/detail/23649
195,https://www.wadiz.kr/web/campaign/detail/63051
196,https://www.wadiz.kr/web/campaign/detail/340
197,https://www.wadiz.kr/web/campaign/detail/1833
198,https://www.wadiz.kr/web/campaign/detail/2572
199,https://www.wadiz.kr/web/campaign/detail/23901
200,https://www.wadiz.kr/web/campaign/detail/30280
201,https://www.wadiz.kr/web/campaign/detail/32667
202,https://www.wadiz.kr/web/campaign/detail/35645
203,https://www.wadiz.kr/web/campaign/detail/18837
204,https://www.wadiz.kr/web/campaign/detail/22699
205,https://www.wadiz.kr/web/campaign/detail/6757
206,https://www.wadiz.kr/web/campaign/detail/81697
207,https://www.wadiz.kr/web/campaign/detail/81891
208,https://www.wadiz.kr/web/campaign/detail/23434
209,https://www.wadiz.kr/web/campaign/detail/8474
210,https://www.wadiz.kr/web/campaign/detail/43077
211,https://www.wadiz.kr/web/campaign/detail/87179
212,https://www.wadiz.kr/web/campaign/detail/12810
213,https://www.wadiz.kr/web/campaign/detail/21125
214,https://www.wadiz.kr/web/campaign/detail/75225
215,https://www.wadiz.kr/web/campaign/detail/13128
216,https://www.wadiz.kr/web/campaign/detail/8365
217,https://www.wadiz.kr/web/campaign/detail/11813
218,https://www.wadiz.kr/web/campaign/detail/90186
219,https://www.wadiz.kr/web/campaign/detail/769
220,https://www.wadiz.kr/web/campaign/detail/1191
221,https://www.wadiz.kr/web/campaign/detail/5542
222,https://www.wadiz.kr/web/campaign/detail/10866
223,https://www.wadiz.kr/web/campaign/detail/11039
224,https://www.wadiz.kr/web/campaign/detail/13956
225,https://www.wadiz.kr/web/campaign/detail/24428
226,https://www.wadiz.kr/web/campaign/detail/4589
227,https://www.wadiz.kr/web/campaign/detail/36594
228,https://www.wadiz.kr/web/campaign/detail/23573
229,https://www.wadiz.kr/web/campaign/detail/10058
230,https://www.wadiz.kr/web/campaign/detail/14827
231,https://www.wadiz.kr/web/campaign/detail/22144
232,https://www.wadiz.kr/web/campaign/detail/24534
233,https://www.wadiz.kr/web/campaign/detail/100801
234,https://www.wadiz.kr/web/campaign/detail/40994
235,https://www.wadiz.kr/web/campaign/detail/69151
236,https://www.wadiz.kr/web/campaign/detail/896
237,https://www.wadiz.kr/web/campaign/detail/10665
238,https://www.wadiz.kr/web/campaign/detail/20187
239,https://www.wadiz.kr/web/campaign/detail/1341
240,https://www.wadiz.kr/web/campaign/detail/19530
241,https://www.wadiz.kr/web/campaign/detail/60137
242,https://www.wadiz.kr/web/campaign/detail/8918
243,https://www.wadiz.kr/web/campaign/detail/100221
244,https://www.wadiz.kr/web/campaign/detail/525
245,https://www.wadiz.kr/web/campaign/detail/2728
246,https://www.wadiz.kr/web/campaign/detail/30824
247,https://www.wadiz.kr/web/campaign/detail/1434
248,https://www.wadiz.kr/web/campaign/detail/89899
249,https://www.wadiz.kr/web/campaign/detail/29559
250,https://www.wadiz.kr/web/campaign/detail/71082
251,https://www.wadiz.kr/web/campaign/detail/2746
252,https://www.wadiz.kr/web/campaign/detail/6917
253,https://www.wadiz.kr/web/campaign/detail/11423
254,https://www.wadiz.kr/web/campaign/detail/24684
255,https://www.wadiz.kr/web/campaign/detail/35260
256,https://www.wadiz.kr/web/campaign/detail/60216
257,https://www.wadiz.kr/web/campaign/detail/61999
258,https://www.wadiz.kr/web/campaign/detail/13754
259,https://www.wadiz.kr/web/campaign/detail/89923
260,https://www.wadiz.kr/web/campaign/detail/620
261,https://www.wadiz.kr/web/campaign/detail/8179
262,https://www.wadiz.kr/web/campaign/detail/68115
263,https://www.wadiz.kr/web/campaign/detail/916
264,https://www.wadiz.kr/web/campaign/detail/2903
265,https://www.wadiz.kr/web/campaign/detail/5583
266,https://www.wadiz.kr/web/campaign/detail/62167
267,https://www.wadiz.kr/web/campaign/detail/25157
268,https://www.wadiz.kr/web/campaign/detail/25108
269,https://www.wadiz.kr/web/campaign/detail/26795
270,https://www.wadiz.kr/web/campaign/detail/95115
271,https://www.wadiz.kr/web/campaign/detail/95171
272,https://www.wadiz.kr/web/campaign/detail/1259
273,https://www.wadiz.kr/web/campaign/detail/12167
274,https://www.wadiz.kr/web/campaign/detail/228
275,https://www.wadiz.kr/web/campaign/detail/8332
276,https://www.wadiz.kr/web/campaign/detail/22054
277,https://www.wadiz.kr/web/campaign/detail/24507
278,https://www.wadiz.kr/web/campaign/detail/31013
279,https://www.wadiz.kr/web/campaign/detail/43716
280,https://www.wadiz.kr/web/campaign/detail/52288
281,https://www.wadiz.kr/web/campaign/detail/597
282,https://www.wadiz.kr/web/campaign/detail/1162
283,https://www.wadiz.kr/web/campaign/detail/535
284,https://www.wadiz.kr/web/campaign/detail/87035
285,https://www.wadiz.kr/web/campaign/detail/62205
286,https://www.wadiz.kr/web/campaign/detail/23961
287,https://www.wadiz.kr/web/campaign/detail/55673
288,https://www.wadiz.kr/web/campaign/detail/11872
289,https://www.wadiz.kr/web/campaign/detail/89023
290,https://www.wadiz.kr/web/campaign/detail/73574
291,https://www.wadiz.kr/web/campaign/detail/3405
292,https://www.wadiz.kr/web/campaign/detail/3821
293,https://www.wadiz.kr/web/campaign/detail/10002
294,https://www.wadiz.kr/web/campaign/detail/11763
295,https://www.wadiz.kr/web/campaign/detail/150
296,https://www.wadiz.kr/web/campaign/detail/520
297,https://www.wadiz.kr/web/campaign/detail/8271
298,https://www.wadiz.kr/web/campaign/detail/9523
299,https://www.wadiz.kr/web/campaign/detail/14209
300,https://www.wadiz.kr/web/campaign/detail/90833
301,https://www.wadiz.kr/web/campaign/detail/22682
302,https://www.wadiz.kr/web/campaign/detail/733
303,https://www.wadiz.kr/web/campaign/detail/1127
304,https://www.wadiz.kr/web/campaign/detail/1177
305,https://www.wadiz.kr/web/campaign/detail/4862
306,https://www.wadiz.kr/web/campaign/detail/8369
307,https://www.wadiz.kr/web/campaign/detail/26575
308,https://www.wadiz.kr/web/campaign/detail/32191
309,https://www.wadiz.kr/web/campaign/detail/78165
310,https://www.wadiz.kr/web/campaign/detail/93702
311,https://www.wadiz.kr/web/campaign/detail/1531
312,https://www.wadiz.kr/web/campaign/detail/2842
313,https://www.wadiz.kr/web/campaign/detail/11174
314,https://www.wadiz.kr/web/campaign/detail/12274
315,https://www.wadiz.kr/web/campaign/detail/32775
316,https://www.wadiz.kr/web/campaign/detail/38231
317,https://www.wadiz.kr/web/campaign/detail/11910
318,https://www.wadiz.kr/web/campaign/detail/1604
319,https://www.wadiz.kr/web/campaign/detail/5812
320,https://www.wadiz.kr/web/campaign/detail/8196
321,https://www.wadiz.kr/web/campaign/detail/105376
322,https://www.wadiz.kr/web/campaign/detail/634
323,https://www.wadiz.kr/web/campaign/detail/644
324,https://www.wadiz.kr/web/campaign/detail/2573
325,https://www.wadiz.kr/web/campaign/detail/4875
326,https://www.wadiz.kr/web/campaign/detail/10314
327,https://www.wadiz.kr/web/campaign/detail/783
328,https://www.wadiz.kr/web/campaign/detail/9954
329,https://www.wadiz.kr/web/campaign/detail/11000
330,https://www.wadiz.kr/web/campaign/detail/65570
331,https://www.wadiz.kr/web/campaign/detail/35328
332,https://www.wadiz.kr/web/campaign/detail/50880
333,https://www.wadiz.kr/web/campaign/detail/55
334,https://www.wadiz.kr/web/campaign/detail/935
335,https://www.wadiz.kr/web/campaign/detail/14282
336,https://www.wadiz.kr/web/campaign/detail/20184
337,https://www.wadiz.kr/web/campaign/detail/53600
338,https://www.wadiz.kr/web/campaign/detail/87
339,https://www.wadiz.kr/web/campaign/detail/5183
340,https://www.wadiz.kr/web/campaign/detail/15874
341,https://www.wadiz.kr/web/campaign/detail/36153
342,https://www.wadiz.kr/web/campaign/detail/1063
343,https://www.wadiz.kr/web/campaign/detail/1097
344,https://www.wadiz.kr/web/campaign/detail/2273
345,https://www.wadiz.kr/web/campaign/detail/2513
346,https://www.wadiz.kr/web/campaign/detail/15582
347,https://www.wadiz.kr/web/campaign/detail/66580
348,https://www.wadiz.kr/web/campaign/detail/25842
349,https://www.wadiz.kr/web/campaign/detail/30060
350,https://www.wadiz.kr/web/campaign/detail/253
351,https://www.wadiz.kr/web/campaign/detail/985
352,https://www.wadiz.kr/web/campaign/detail/1278
353,https://www.wadiz.kr/web/campaign/detail/11137
354,https://www.wadiz.kr/web/campaign/detail/12222
355,https://www.wadiz.kr/web/campaign/detail/67107
356,https://www.wadiz.kr/web/campaign/detail/29329
357,https://www.wadiz.kr/web/campaign/detail/36523
358,https://www.wadiz.kr/web/campaign/detail/463
359,https://www.wadiz.kr/web/campaign/detail/750
360,https://www.wadiz.kr/web/campaign/detail/796
361,https://www.wadiz.kr/web/campaign/detail/943
362,https://www.wadiz.kr/web/campaign/detail/2534
363,https://www.wadiz.kr/web/campaign/detail/27381
364,https://www.wadiz.kr/web/campaign/detail/41120
365,https://www.wadiz.kr/web/campaign/detail/72354
366,https://www.wadiz.kr/web/campaign/detail/83
367,https://www.wadiz.kr/web/campaign/detail/195
368,https://www.wadiz.kr/web/campaign/detail/683
369,https://www.wadiz.kr/web/campaign/detail/1086
370,https://www.wadiz.kr/web/campaign/detail/1275
371,https://www.wadiz.kr/web/campaign/detail/8899
372,https://www.wadiz.kr/web/campaign/detail/17190
373,https://www.wadiz.kr/web/campaign/detail/35951
374,https://www.wadiz.kr/web/campaign/detail/90309
375,https://www.wadiz.kr/web/campaign/detail/489
376,https://www.wadiz.kr/web/campaign/detail/3896
377,https://www.wadiz.kr/web/campaign/detail/3954
378,https://www.wadiz.kr/web/campaign/detail/9465
379,https://www.wadiz.kr/web/campaign/detail/19087
380,https://www.wadiz.kr/web/campaign/detail/64127
381,https://www.wadiz.kr/web/campaign/detail/68185
382,https://www.wadiz.kr/web/campaign/detail/309
383,https://www.wadiz.kr/web/campaign/detail/418
384,https://www.wadiz.kr/web/campaign/detail/496
385,https://www.wadiz.kr/web/campaign/detail/4346
386,https://www.wadiz.kr/web/campaign/detail/8351
387,https://www.wadiz.kr/web/campaign/detail/8638
388,https://www.wadiz.kr/web/campaign/detail/23935
389,https://www.wadiz.kr/web/campaign/detail/24228
390,https://www.wadiz.kr/web/campaign/detail/65492
391,https://www.wadiz.kr/web/campaign/detail/67516
392,https://www.wadiz.kr/web/campaign/detail/78920
393,https://www.wadiz.kr/web/campaign/detail/89241
394,https://www.wadiz.kr/web/campaign/detail/22058
395,https://www.wadiz.kr/web/campaign/detail/37930
396,https://www.wadiz.kr/web/campaign/detail/76
397,https://www.wadiz.kr/web/campaign/detail/239
398,https://www.wadiz.kr/web/campaign/detail/447
399,https://www.wadiz.kr/web/campaign/detail/501
400,https://www.wadiz.kr/web/campaign/detail/738
401,https://www.wadiz.kr/web/campaign/detail/880
402,https://www.wadiz.kr/web/campaign/detail/2733
403,https://www.wadiz.kr/web/campaign/detail/3942
404,https://www.wadiz.kr/web/campaign/detail/16002
405,https://www.wadiz.kr/web/campaign/detail/20999
406,https://www.wadiz.kr/web/campaign/detail/26566
407,https://www.wadiz.kr/web/campaign/detail/83283
408,https://www.wadiz.kr/web/campaign/detail/44352
409,https://www.wadiz.kr/web/campaign/detail/9
410,https://www.wadiz.kr/web/campaign/detail/52
411,https://www.wadiz.kr/web/campaign/detail/300
412,https://www.wadiz.kr/web/campaign/detail/443
413,https://www.wadiz.kr/web/campaign/detail/446
414,https://www.wadiz.kr/web/campaign/detail/684
415,https://www.wadiz.kr/web/campaign/detail/1974
416,https://www.wadiz.kr/web/campaign/detail/2079
417,https://www.wadiz.kr/web/campaign/detail/3611
418,https://www.wadiz.kr/web/campaign/detail/5351
419,https://www.wadiz.kr/web/campaign/detail/5475
420,https://www.wadiz.kr/web/campaign/detail/10426
421,https://www.wadiz.kr/web/campaign/detail/15723
422,https://www.wadiz.kr/web/campaign/detail/16340
423,https://www.wadiz.kr/web/campaign/detail/17462
424,https://www.wadiz.kr/web/campaign/detail/27578
425,https://www.wadiz.kr/web/campaign/detail/104372
426,https://www.wadiz.kr/web/campaign/detail/46762
427,https://www.wadiz.kr/web/campaign/detail/698
428,https://www.wadiz.kr/web/campaign/detail/734
429,https://www.wadiz.kr/web/campaign/detail/887
430,https://www.wadiz.kr/web/campaign/detail/2680
431,https://www.wadiz.kr/web/campaign/detail/3195
432,https://www.wadiz.kr/web/campaign/detail/8706
433,https://www.wadiz.kr/web/campaign/detail/9734
434,https://www.wadiz.kr/web/campaign/detail/11113
435,https://www.wadiz.kr/web/campaign/detail/17677
436,https://www.wadiz.kr/web/campaign/detail/27485
437,https://www.wadiz.kr/web/campaign/detail/21109
438,https://www.wadiz.kr/web/campaign/detail/59
439,https://www.wadiz.kr/web/campaign/detail/516
440,https://www.wadiz.kr/web/campaign/detail/573
441,https://www.wadiz.kr/web/campaign/detail/642
442,https://www.wadiz.kr/web/campaign/detail/7658
443,https://www.wadiz.kr/web/campaign/detail/8132
444,https://www.wadiz.kr/web/campaign/detail/9475
445,https://www.wadiz.kr/web/campaign/detail/12043
446,https://www.wadiz.kr/web/campaign/detail/13277
447,https://www.wadiz.kr/web/campaign/detail/16137
448,https://www.wadiz.kr/web/campaign/detail/54833
449,https://www.wadiz.kr/web/campaign/detail/59566
450,https://www.wadiz.kr/web/campaign/detail/33493
451,https://www.wadiz.kr/web/campaign/detail/34159
452,https://www.wadiz.kr/web/campaign/detail/88092
453,https://www.wadiz.kr/web/campaign/detail/56902
454,https://www.wadiz.kr/web/campaign/detail/23041
455,https://www.wadiz.kr/web/campaign/detail/44100
456,https://www.wadiz.kr/web/campaign/detail/69
457,https://www.wadiz.kr/web/campaign/detail/436
458,https://www.wadiz.kr/web/campaign/detail/534
459,https://www.wadiz.kr/web/campaign/detail/551
460,https://www.wadiz.kr/web/campaign/detail/907
461,https://www.wadiz.kr/web/campaign/detail/936
462,https://www.wadiz.kr/web/campaign/detail/1045
463,https://www.wadiz.kr/web/campaign/detail/1518
464,https://www.wadiz.kr/web/campaign/detail/1915
465,https://www.wadiz.kr/web/campaign/detail/2623
466,https://www.wadiz.kr/web/campaign/detail/3527
467,https://www.wadiz.kr/web/campaign/detail/3639
468,https://www.wadiz.kr/web/campaign/detail/4302
469,https://www.wadiz.kr/web/campaign/detail/5325
470,https://www.wadiz.kr/web/campaign/detail/7150
471,https://www.wadiz.kr/web/campaign/detail/7507
472,https://www.wadiz.kr/web/campaign/detail/9077
473,https://www.wadiz.kr/web/campaign/detail/10768
474,https://www.wadiz.kr/web/campaign/detail/12876
475,https://www.wadiz.kr/web/campaign/detail/13542
476,https://www.wadiz.kr/web/campaign/detail/14127
477,https://www.wadiz.kr/web/campaign/detail/14769
478,https://www.wadiz.kr/web/campaign/detail/17049
479,https://www.wadiz.kr/web/campaign/detail/19262
480,https://www.wadiz.kr/web/campaign/detail/19305
481,https://www.wadiz.kr/web/campaign/detail/20491
482,https://www.wadiz.kr/web/campaign/detail/24608
483,https://www.wadiz.kr/web/campaign/detail/80398
484,https://www.wadiz.kr/web/campaign/detail/87156
485,https://www.wadiz.kr/web/campaign/detail/54416
486,https://www.wadiz.kr/web/campaign/detail/23268
487,https://www.wadiz.kr/web/campaign/detail/28175
488,https://www.wadiz.kr/web/campaign/detail/31736
489,https://www.wadiz.kr/web/campaign/detail/32060
490,https://www.wadiz.kr/web/campaign/detail/23147
491,https://www.wadiz.kr/web/campaign/detail/43875
492,https://www.wadiz.kr/web/campaign/detail/19651
493,https://www.wadiz.kr/web/campaign/detail/572
494,https://www.wadiz.kr/web/campaign/detail/4242
495,https://www.wadiz.kr/web/campaign/detail/83534
496,https://www.wadiz.kr/web/campaign/detail/1725
497,https://www.wadiz.kr/web/campaign/detail/14949
498,https://www.wadiz.kr/web/campaign/detail/19281
499,https://www.wadiz.kr/web/campaign/detail/1885
500,https://www.wadiz.kr/web/campaign/detail/69844
501,https://www.wadiz.kr/web/campaign/detail/19019
502,https://www.wadiz.kr/web/campaign/detail/114
503,https://www.wadiz.kr/web/campaign/detail/5460
504,https://www.wadiz.kr/web/campaign/detail/8458
505,https://www.wadiz.kr/web/campaign/detail/10609
506,https://www.wadiz.kr/web/campaign/detail/21262
507,https://www.wadiz.kr/web/campaign/detail/36841
508,https://www.wadiz.kr/web/campaign/detail/49346
509,https://www.wadiz.kr/web/campaign/detail/980
510,https://www.wadiz.kr/web/campaign/detail/3399
511,https://www.wadiz.kr/web/campaign/detail/3834
512,https://www.wadiz.kr/web/campaign/detail/482
513,https://www.wadiz.kr/web/campaign/detail/365
514,https://www.wadiz.kr/web/campaign/detail/637
515,https://www.wadiz.kr/web/campaign/detail/10885
516,https://www.wadiz.kr/web/campaign/detail/23373
517,https://www.wadiz.kr/web/campaign/detail/37738
518,https://www.wadiz.kr/web/campaign/detail/80700
519,https://www.wadiz.kr/web/campaign/detail/11148
520,https://www.wadiz.kr/web/campaign/detail/14269
521,https://www.wadiz.kr/web/campaign/detail/2123
522,https://www.wadiz.kr/web/campaign/detail/22800
523,https://www.wadiz.kr/web/campaign/detail/92457
524,https://www.wadiz.kr/web/campaign/detail/63166
525,https://www.wadiz.kr/web/campaign/detail/2189
526,https://www.wadiz.kr/web/campaign/detail/9668
527,https://www.wadiz.kr/web/campaign/detail/105489
528,https://www.wadiz.kr/web/campaign/detail/3698
529,https://www.wadiz.kr/web/campaign/detail/9468
530,https://www.wadiz.kr/web/campaign/detail/4026
531,https://www.wadiz.kr/web/campaign/detail/104099
532,https://www.wadiz.kr/web/campaign/detail/3569
533,https://www.wadiz.kr/web/campaign/detail/4212
534,https://www.wadiz.kr/web/campaign/detail/62305
535,https://www.wadiz.kr/web/campaign/detail/431
536,https://www.wadiz.kr/web/campaign/detail/35413
537,https://www.wadiz.kr/web/campaign/detail/94869
538,https://www.wadiz.kr/web/campaign/detail/1041
539,https://www.wadiz.kr/web/campaign/detail/1751
540,https://www.wadiz.kr/web/campaign/detail/14086
541,https://www.wadiz.kr/web/campaign/detail/18291
542,https://www.wadiz.kr/web/campaign/detail/29226
543,https://www.wadiz.kr/web/campaign/detail/48963
544,https://www.wadiz.kr/web/campaign/detail/1157
545,https://www.wadiz.kr/web/campaign/detail/8524
546,https://www.wadiz.kr/web/campaign/detail/15604
547,https://www.wadiz.kr/web/campaign/detail/4306
548,https://www.wadiz.kr/web/campaign/detail/12255
549,https://www.wadiz.kr/web/campaign/detail/2372
550,https://www.wadiz.kr/web/campaign/detail/33626
551,https://www.wadiz.kr/web/campaign/detail/14274
552,https://www.wadiz.kr/web/campaign/detail/252
553,https://www.wadiz.kr/web/campaign/detail/984
554,https://www.wadiz.kr/web/campaign/detail/3174
555,https://www.wadiz.kr/web/campaign/detail/4070
556,https://www.wadiz.kr/web/campaign/detail/6715
557,https://www.wadiz.kr/web/campaign/detail/11465
558,https://www.wadiz.kr/web/campaign/detail/10517
559,https://www.wadiz.kr/web/campaign/detail/26389
560,https://www.wadiz.kr/web/campaign/detail/71283
561,https://www.wadiz.kr/web/campaign/detail/2018
562,https://www.wadiz.kr/web/campaign/detail/12502
563,https://www.wadiz.kr/web/campaign/detail/56341
564,https://www.wadiz.kr/web/campaign/detail/51453
565,https://www.wadiz.kr/web/campaign/detail/23732
566,https://www.wadiz.kr/web/campaign/detail/23785
567,https://www.wadiz.kr/web/campaign/detail/66432
568,https://www.wadiz.kr/web/campaign/detail/9729
569,https://www.wadiz.kr/web/campaign/detail/14825
570,https://www.wadiz.kr/web/campaign/detail/3741
571,https://www.wadiz.kr/web/campaign/detail/15757
572,https://www.wadiz.kr/web/campaign/detail/999
573,https://www.wadiz.kr/web/campaign/detail/1020
574,https://www.wadiz.kr/web/campaign/detail/2517
575,https://www.wadiz.kr/web/campaign/detail/103941
576,https://www.wadiz.kr/web/campaign/detail/221
577,https://www.wadiz.kr/web/campaign/detail/468
578,https://www.wadiz.kr/web/campaign/detail/679
579,https://www.wadiz.kr/web/campaign/detail/3135
580,https://www.wadiz.kr/web/campaign/detail/9524
581,https://www.wadiz.kr/web/campaign/detail/12317
582,https://www.wadiz.kr/web/campaign/detail/10832
583,https://www.wadiz.kr/web/campaign/detail/11104
584,https://www.wadiz.kr/web/campaign/detail/449
585,https://www.wadiz.kr/web/campaign/detail/11679
586,https://www.wadiz.kr/web/campaign/detail/21657
587,https://www.wadiz.kr/web/campaign/detail/2692
588,https://www.wadiz.kr/web/campaign/detail/9613
589,https://www.wadiz.kr/web/campaign/detail/487
590,https://www.wadiz.kr/web/campaign/detail/885
591,https://www.wadiz.kr/web/campaign/detail/3403
592,https://www.wadiz.kr/web/campaign/detail/6682
593,https://www.wadiz.kr/web/campaign/detail/333
594,https://www.wadiz.kr/web/campaign/detail/39155
595,https://www.wadiz.kr/web/campaign/detail/82754
596,https://www.wadiz.kr/web/campaign/detail/1104
597,https://www.wadiz.kr/web/campaign/detail/19464
598,https://www.wadiz.kr/web/campaign/detail/53230
599,https://www.wadiz.kr/web/campaign/detail/540
600,https://www.wadiz.kr/web/campaign/detail/10319
601,https://www.wadiz.kr/web/campaign/detail/554
602,https://www.wadiz.kr/web/campaign/detail/1217
603,https://www.wadiz.kr/web/campaign/detail/7421
604,https://www.wadiz.kr/web/campaign/detail/9907
605,https://www.wadiz.kr/web/campaign/detail/15816
606,https://www.wadiz.kr/web/campaign/detail/68163
607,https://www.wadiz.kr/web/campaign/detail/2914
608,https://www.wadiz.kr/web/campaign/detail/7964
609,https://www.wadiz.kr/web/campaign/detail/9573
610,https://www.wadiz.kr/web/campaign/detail/27659
611,https://www.wadiz.kr/web/campaign/detail/623
612,https://www.wadiz.kr/web/campaign/detail/14481
613,https://www.wadiz.kr/web/campaign/detail/33514
614,https://www.wadiz.kr/web/campaign/detail/42645
615,https://www.wadiz.kr/web/campaign/detail/94134
616,https://www.wadiz.kr/web/campaign/detail/555
617,https://www.wadiz.kr/web/campaign/detail/928
618,https://www.wadiz.kr/web/campaign/detail/10746
619,https://www.wadiz.kr/web/campaign/detail/20807
620,https://www.wadiz.kr/web/campaign/detail/65017
621,https://www.wadiz.kr/web/campaign/detail/484
622,https://www.wadiz.kr/web/campaign/detail/3178
623,https://www.wadiz.kr/web/campaign/detail/462
624,https://www.wadiz.kr/web/campaign/detail/898
625,https://www.wadiz.kr/web/campaign/detail/1294
626,https://www.wadiz.kr/web/campaign/detail/2585
627,https://www.wadiz.kr/web/campaign/detail/54494
628,https://www.wadiz.kr/web/campaign/detail/35012
629,https://www.wadiz.kr/web/campaign/detail/21758
630,https://www.wadiz.kr/web/campaign/detail/50117
631,https://www.wadiz.kr/web/campaign/detail/1163
632,https://www.wadiz.kr/web/campaign/detail/4626
633,https://www.wadiz.kr/web/campaign/detail/13262
634,https://www.wadiz.kr/web/campaign/detail/25092
635,https://www.wadiz.kr/web/campaign/detail/435
636,https://www.wadiz.kr/web/campaign/detail/2686
637,https://www.wadiz.kr/web/campaign/detail/20950
638,https://www.wadiz.kr/web/campaign/detail/1233
639,https://www.wadiz.kr/web/campaign/detail/13272
640,https://www.wadiz.kr/web/campaign/detail/15889
641,https://www.wadiz.kr/web/campaign/detail/63617
642,https://www.wadiz.kr/web/campaign/detail/29189
643,https://www.wadiz.kr/web/campaign/detail/537
644,https://www.wadiz.kr/web/campaign/detail/1055
645,https://www.wadiz.kr/web/campaign/detail/1066
646,https://www.wadiz.kr/web/campaign/detail/1144
647,https://www.wadiz.kr/web/campaign/detail/1225
648,https://www.wadiz.kr/web/campaign/detail/2697
649,https://www.wadiz.kr/web/campaign/detail/11993
650,https://www.wadiz.kr/web/campaign/detail/18370
651,https://www.wadiz.kr/web/campaign/detail/19066
652,https://www.wadiz.kr/web/campaign/detail/53233
653,https://www.wadiz.kr/web/campaign/detail/8341
654,https://www.wadiz.kr/web/campaign/detail/8482
655,https://www.wadiz.kr/web/campaign/detail/10664
656,https://www.wadiz.kr/web/campaign/detail/491
657,https://www.wadiz.kr/web/campaign/detail/29692
658,https://www.wadiz.kr/web/campaign/detail/148
659,https://www.wadiz.kr/web/campaign/detail/204
660,https://www.wadiz.kr/web/campaign/detail/691
661,https://www.wadiz.kr/web/campaign/detail/1156
662,https://www.wadiz.kr/web/campaign/detail/1850
663,https://www.wadiz.kr/web/campaign/detail/1979
664,https://www.wadiz.kr/web/campaign/detail/2381
665,https://www.wadiz.kr/web/campaign/detail/2739
666,https://www.wadiz.kr/web/campaign/detail/10385
667,https://www.wadiz.kr/web/campaign/detail/22133
668,https://www.wadiz.kr/web/campaign/detail/332
669,https://www.wadiz.kr/web/campaign/detail/543
670,https://www.wadiz.kr/web/campaign/detail/625
671,https://www.wadiz.kr/web/campaign/detail/3247
672,https://www.wadiz.kr/web/campaign/detail/14404
673,https://www.wadiz.kr/web/campaign/detail/229
674,https://www.wadiz.kr/web/campaign/detail/458
675,https://www.wadiz.kr/web/campaign/detail/2604
676,https://www.wadiz.kr/web/campaign/detail/9996
677,https://www.wadiz.kr/web/campaign/detail/10814
678,https://www.wadiz.kr/web/campaign/detail/36838
679,https://www.wadiz.kr/web/campaign/detail/1682
680,https://www.wadiz.kr/web/campaign/detail/12174
681,https://www.wadiz.kr/web/campaign/detail/16720
682,https://www.wadiz.kr/web/campaign/detail/19298
683,https://www.wadiz.kr/web/campaign/detail/90
684,https://www.wadiz.kr/web/campaign/detail/9454
685,https://www.wadiz.kr/web/campaign/detail/15937
686,https://www.wadiz.kr/web/campaign/detail/66048
687,https://www.wadiz.kr/web/campaign/detail/36715
688,https://www.wadiz.kr/web/campaign/detail/43729
689,https://www.wadiz.kr/web/campaign/detail/321
690,https://www.wadiz.kr/web/campaign/detail/425
691,https://www.wadiz.kr/web/campaign/detail/509
692,https://www.wadiz.kr/web/campaign/detail/521
693,https://www.wadiz.kr/web/campaign/detail/638
694,https://www.wadiz.kr/web/campaign/detail/2784
695,https://www.wadiz.kr/web/campaign/detail/3815
696,https://www.wadiz.kr/web/campaign/detail/71973
697,https://www.wadiz.kr/web/campaign/detail/42317
698,https://www.wadiz.kr/web/campaign/detail/853
699,https://www.wadiz.kr/web/campaign/detail/1175
700,https://www.wadiz.kr/web/campaign/detail/4846
701,https://www.wadiz.kr/web/campaign/detail/8347
702,https://www.wadiz.kr/web/campaign/detail/10673
703,https://www.wadiz.kr/web/campaign/detail/10816
704,https://www.wadiz.kr/web/campaign/detail/11374
705,https://www.wadiz.kr/web/campaign/detail/14761
706,https://www.wadiz.kr/web/campaign/detail/24362
707,https://www.wadiz.kr/web/campaign/detail/27890
708,https://www.wadiz.kr/web/campaign/detail/35212
709,https://www.wadiz.kr/web/campaign/detail/245
710,https://www.wadiz.kr/web/campaign/detail/1054
711,https://www.wadiz.kr/web/campaign/detail/19431
712,https://www.wadiz.kr/web/campaign/detail/57007
713,https://www.wadiz.kr/web/campaign/detail/41865
714,https://www.wadiz.kr/web/campaign/detail/476
715,https://www.wadiz.kr/web/campaign/detail/1271
716,https://www.wadiz.kr/web/campaign/detail/2935
717,https://www.wadiz.kr/web/campaign/detail/2951
718,https://www.wadiz.kr/web/campaign/detail/6835
719,https://www.wadiz.kr/web/campaign/detail/10661
720,https://www.wadiz.kr/web/campaign/detail/11025
721,https://www.wadiz.kr/web/campaign/detail/11716
722,https://www.wadiz.kr/web/campaign/detail/64761
723,https://www.wadiz.kr/web/campaign/detail/34498
724,https://www.wadiz.kr/web/campaign/detail/90647
725,https://www.wadiz.kr/web/campaign/detail/736
726,https://www.wadiz.kr/web/campaign/detail/10784
727,https://www.wadiz.kr/web/campaign/detail/12511
728,https://www.wadiz.kr/web/campaign/detail/67130
729,https://www.wadiz.kr/web/campaign/detail/84820
730,https://www.wadiz.kr/web/campaign/detail/94493
731,https://www.wadiz.kr/web/campaign/detail/577
732,https://www.wadiz.kr/web/campaign/detail/1500
733,https://www.wadiz.kr/web/campaign/detail/8004
734,https://www.wadiz.kr/web/campaign/detail/8487
735,https://www.wadiz.kr/web/campaign/detail/14078
736,https://www.wadiz.kr/web/campaign/detail/16144
737,https://www.wadiz.kr/web/campaign/detail/677
738,https://www.wadiz.kr/web/campaign/detail/12311
739,https://www.wadiz.kr/web/campaign/detail/20214
740,https://www.wadiz.kr/web/campaign/detail/21272
741,https://www.wadiz.kr/web/campaign/detail/1165
742,https://www.wadiz.kr/web/campaign/detail/2164
743,https://www.wadiz.kr/web/campaign/detail/2416
744,https://www.wadiz.kr/web/campaign/detail/8770
745,https://www.wadiz.kr/web/campaign/detail/10688
746,https://www.wadiz.kr/web/campaign/detail/11441
747,https://www.wadiz.kr/web/campaign/detail/12251
748,https://www.wadiz.kr/web/campaign/detail/14701
749,https://www.wadiz.kr/web/campaign/detail/28135
750,https://www.wadiz.kr/web/campaign/detail/43833
751,https://www.wadiz.kr/web/campaign/detail/52991
752,https://www.wadiz.kr/web/campaign/detail/342
753,https://www.wadiz.kr/web/campaign/detail/481
754,https://www.wadiz.kr/web/campaign/detail/594
755,https://www.wadiz.kr/web/campaign/detail/743
756,https://www.wadiz.kr/web/campaign/detail/1747
757,https://www.wadiz.kr/web/campaign/detail/3270
758,https://www.wadiz.kr/web/campaign/detail/8329
759,https://www.wadiz.kr/web/campaign/detail/9521
760,https://www.wadiz.kr/web/campaign/detail/42335
761,https://www.wadiz.kr/web/campaign/detail/115
762,https://www.wadiz.kr/web/campaign/detail/140
763,https://www.wadiz.kr/web/campaign/detail/282
764,https://www.wadiz.kr/web/campaign/detail/323
765,https://www.wadiz.kr/web/campaign/detail/498
766,https://www.wadiz.kr/web/campaign/detail/500
767,https://www.wadiz.kr/web/campaign/detail/605
768,https://www.wadiz.kr/web/campaign/detail/894
769,https://www.wadiz.kr/web/campaign/detail/1136
770,https://www.wadiz.kr/web/campaign/detail/5187
771,https://www.wadiz.kr/web/campaign/detail/8604
772,https://www.wadiz.kr/web/campaign/detail/10598
773,https://www.wadiz.kr/web/campaign/detail/11405
774,https://www.wadiz.kr/web/campaign/detail/12785
775,https://www.wadiz.kr/web/campaign/detail/28415
776,https://www.wadiz.kr/web/campaign/detail/67
777,https://www.wadiz.kr/web/campaign/detail/101
778,https://www.wadiz.kr/web/campaign/detail/263
779,https://www.wadiz.kr/web/campaign/detail/264
780,https://www.wadiz.kr/web/campaign/detail/266
781,https://www.wadiz.kr/web/campaign/detail/490
782,https://www.wadiz.kr/web/campaign/detail/499
783,https://www.wadiz.kr/web/campaign/detail/548
784,https://www.wadiz.kr/web/campaign/detail/1140
785,https://www.wadiz.kr/web/campaign/detail/5637
786,https://www.wadiz.kr/web/campaign/detail/11101
787,https://www.wadiz.kr/web/campaign/detail/11647
788,https://www.wadiz.kr/web/campaign/detail/13339
789,https://www.wadiz.kr/web/campaign/detail/13996
790,https://www.wadiz.kr/web/campaign/detail/54299
791,https://www.wadiz.kr/web/campaign/detail/66664
792,https://www.wadiz.kr/web/campaign/detail/100
793,https://www.wadiz.kr/web/campaign/detail/107
794,https://www.wadiz.kr/web/campaign/detail/155
795,https://www.wadiz.kr/web/campaign/detail/193
796,https://www.wadiz.kr/web/campaign/detail/234
797,https://www.wadiz.kr/web/campaign/detail/370
798,https://www.wadiz.kr/web/campaign/detail/519
799,https://www.wadiz.kr/web/campaign/detail/628
800,https://www.wadiz.kr/web/campaign/detail/630
801,https://www.wadiz.kr/web/campaign/detail/1265
802,https://www.wadiz.kr/web/campaign/detail/1921
803,https://www.wadiz.kr/web/campaign/detail/2061
804,https://www.wadiz.kr/web/campaign/detail/2589
805,https://www.wadiz.kr/web/campaign/detail/2630
806,https://www.wadiz.kr/web/campaign/detail/2832
807,https://www.wadiz.kr/web/campaign/detail/3636
808,https://www.wadiz.kr/web/campaign/detail/6690
809,https://www.wadiz.kr/web/campaign/detail/7866
810,https://www.wadiz.kr/web/campaign/detail/9269
811,https://www.wadiz.kr/web/campaign/detail/9403
812,https://www.wadiz.kr/web/campaign/detail/11152
813,https://www.wadiz.kr/web/campaign/detail/11255
814,https://www.wadiz.kr/web/campaign/detail/11351
815,https://www.wadiz.kr/web/campaign/detail/12241
816,https://www.wadiz.kr/web/campaign/detail/13196
817,https://www.wadiz.kr/web/campaign/detail/13295
818,https://www.wadiz.kr/web/campaign/detail/17319
819,https://www.wadiz.kr/web/campaign/detail/19033
820,https://www.wadiz.kr/web/campaign/detail/19840
821,https://www.wadiz.kr/web/campaign/detail/23248
822,https://www.wadiz.kr/web/campaign/detail/68632
823,https://www.wadiz.kr/web/campaign/detail/68698
824,https://www.wadiz.kr/web/campaign/detail/68846
825,https://www.wadiz.kr/web/campaign/detail/25895
826,https://www.wadiz.kr/web/campaign/detail/35715
827,https://www.wadiz.kr/web/campaign/detail/81749
828,https://www.wadiz.kr/web/campaign/detail/23816
829,https://www.wadiz.kr/web/campaign/detail/74118
830,https://www.wadiz.kr/web/campaign/detail/99866
831,https://www.wadiz.kr/web/campaign/detail/48163
