,0
0,https://www.wadiz.kr/web/campaign/detail/107342
1,https://www.wadiz.kr/web/campaign/detail/103860
2,https://www.wadiz.kr/web/campaign/detail/96217
3,https://www.wadiz.kr/web/campaign/detail/110240
4,https://www.wadiz.kr/web/campaign/detail/107461
5,https://www.wadiz.kr/web/campaign/detail/82573
6,https://www.wadiz.kr/web/campaign/detail/110615
7,https://www.wadiz.kr/web/campaign/detail/112080
8,https://www.wadiz.kr/web/campaign/detail/109105
9,https://www.wadiz.kr/web/campaign/detail/108980
10,https://www.wadiz.kr/web/campaign/detail/47324
11,https://www.wadiz.kr/web/campaign/detail/83303
12,https://www.wadiz.kr/web/campaign/detail/26436
13,https://www.wadiz.kr/web/campaign/detail/17517
14,https://www.wadiz.kr/web/campaign/detail/100409
15,https://www.wadiz.kr/web/campaign/detail/43663
16,https://www.wadiz.kr/web/campaign/detail/68107
17,https://www.wadiz.kr/web/campaign/detail/88469
18,https://www.wadiz.kr/web/campaign/detail/62152
19,https://www.wadiz.kr/web/campaign/detail/97121
20,https://www.wadiz.kr/web/campaign/detail/80400
21,https://www.wadiz.kr/web/campaign/detail/24746
22,https://www.wadiz.kr/web/campaign/detail/82100
23,https://www.wadiz.kr/web/campaign/detail/46326
24,https://www.wadiz.kr/web/campaign/detail/76710
25,https://www.wadiz.kr/web/campaign/detail/33862
26,https://www.wadiz.kr/web/campaign/detail/61960
27,https://www.wadiz.kr/web/campaign/detail/23624
28,https://www.wadiz.kr/web/campaign/detail/20855
29,https://www.wadiz.kr/web/campaign/detail/37667
30,https://www.wadiz.kr/web/campaign/detail/81347
31,https://www.wadiz.kr/web/campaign/detail/91151
32,https://www.wadiz.kr/web/campaign/detail/38109
33,https://www.wadiz.kr/web/campaign/detail/83786
34,https://www.wadiz.kr/web/campaign/detail/27117
35,https://www.wadiz.kr/web/campaign/detail/89679
36,https://www.wadiz.kr/web/campaign/detail/80176
37,https://www.wadiz.kr/web/campaign/detail/89229
38,https://www.wadiz.kr/web/campaign/detail/11735
39,https://www.wadiz.kr/web/campaign/detail/20007
40,https://www.wadiz.kr/web/campaign/detail/44943
41,https://www.wadiz.kr/web/campaign/detail/88658
42,https://www.wadiz.kr/web/campaign/detail/36547
43,https://www.wadiz.kr/web/campaign/detail/68391
44,https://www.wadiz.kr/web/campaign/detail/73100
45,https://www.wadiz.kr/web/campaign/detail/100825
46,https://www.wadiz.kr/web/campaign/detail/79264
47,https://www.wadiz.kr/web/campaign/detail/90567
48,https://www.wadiz.kr/web/campaign/detail/88084
49,https://www.wadiz.kr/web/campaign/detail/58455
50,https://www.wadiz.kr/web/campaign/detail/74815
51,https://www.wadiz.kr/web/campaign/detail/93757
52,https://www.wadiz.kr/web/campaign/detail/26706
53,https://www.wadiz.kr/web/campaign/detail/64824
54,https://www.wadiz.kr/web/campaign/detail/99423
55,https://www.wadiz.kr/web/campaign/detail/82188
56,https://www.wadiz.kr/web/campaign/detail/83361
57,https://www.wadiz.kr/web/campaign/detail/90555
58,https://www.wadiz.kr/web/campaign/detail/88830
59,https://www.wadiz.kr/web/campaign/detail/89732
60,https://www.wadiz.kr/web/campaign/detail/33317
61,https://www.wadiz.kr/web/campaign/detail/16726
62,https://www.wadiz.kr/web/campaign/detail/39626
63,https://www.wadiz.kr/web/campaign/detail/24649
64,https://www.wadiz.kr/web/campaign/detail/85984
65,https://www.wadiz.kr/web/campaign/detail/80912
66,https://www.wadiz.kr/web/campaign/detail/80663
67,https://www.wadiz.kr/web/campaign/detail/91600
68,https://www.wadiz.kr/web/campaign/detail/83131
69,https://www.wadiz.kr/web/campaign/detail/48221
70,https://www.wadiz.kr/web/campaign/detail/83727
71,https://www.wadiz.kr/web/campaign/detail/24744
72,https://www.wadiz.kr/web/campaign/detail/68234
73,https://www.wadiz.kr/web/campaign/detail/101409
74,https://www.wadiz.kr/web/campaign/detail/91463
75,https://www.wadiz.kr/web/campaign/detail/58350
76,https://www.wadiz.kr/web/campaign/detail/14441
77,https://www.wadiz.kr/web/campaign/detail/93648
78,https://www.wadiz.kr/web/campaign/detail/50933
79,https://www.wadiz.kr/web/campaign/detail/90999
80,https://www.wadiz.kr/web/campaign/detail/48070
81,https://www.wadiz.kr/web/campaign/detail/85442
82,https://www.wadiz.kr/web/campaign/detail/91405
83,https://www.wadiz.kr/web/campaign/detail/94867
84,https://www.wadiz.kr/web/campaign/detail/91814
85,https://www.wadiz.kr/web/campaign/detail/40442
86,https://www.wadiz.kr/web/campaign/detail/29284
87,https://www.wadiz.kr/web/campaign/detail/30814
88,https://www.wadiz.kr/web/campaign/detail/83888
89,https://www.wadiz.kr/web/campaign/detail/31215
90,https://www.wadiz.kr/web/campaign/detail/80634
91,https://www.wadiz.kr/web/campaign/detail/81343
92,https://www.wadiz.kr/web/campaign/detail/99754
93,https://www.wadiz.kr/web/campaign/detail/27344
94,https://www.wadiz.kr/web/campaign/detail/31001
95,https://www.wadiz.kr/web/campaign/detail/83345
96,https://www.wadiz.kr/web/campaign/detail/46805
97,https://www.wadiz.kr/web/campaign/detail/24639
98,https://www.wadiz.kr/web/campaign/detail/11817
99,https://www.wadiz.kr/web/campaign/detail/83923
100,https://www.wadiz.kr/web/campaign/detail/27926
101,https://www.wadiz.kr/web/campaign/detail/31648
102,https://www.wadiz.kr/web/campaign/detail/16583
103,https://www.wadiz.kr/web/campaign/detail/34444
104,https://www.wadiz.kr/web/campaign/detail/105164
105,https://www.wadiz.kr/web/campaign/detail/83933
106,https://www.wadiz.kr/web/campaign/detail/47019
107,https://www.wadiz.kr/web/campaign/detail/20155
108,https://www.wadiz.kr/web/campaign/detail/18072
109,https://www.wadiz.kr/web/campaign/detail/88413
110,https://www.wadiz.kr/web/campaign/detail/90447
111,https://www.wadiz.kr/web/campaign/detail/66943
112,https://www.wadiz.kr/web/campaign/detail/25672
113,https://www.wadiz.kr/web/campaign/detail/68468
114,https://www.wadiz.kr/web/campaign/detail/31767
115,https://www.wadiz.kr/web/campaign/detail/104266
116,https://www.wadiz.kr/web/campaign/detail/99269
117,https://www.wadiz.kr/web/campaign/detail/142
118,https://www.wadiz.kr/web/campaign/detail/30390
119,https://www.wadiz.kr/web/campaign/detail/84034
120,https://www.wadiz.kr/web/campaign/detail/101896
121,https://www.wadiz.kr/web/campaign/detail/81477
122,https://www.wadiz.kr/web/campaign/detail/52578
123,https://www.wadiz.kr/web/campaign/detail/18113
124,https://www.wadiz.kr/web/campaign/detail/63720
125,https://www.wadiz.kr/web/campaign/detail/34489
126,https://www.wadiz.kr/web/campaign/detail/38390
127,https://www.wadiz.kr/web/campaign/detail/89461
128,https://www.wadiz.kr/web/campaign/detail/93751
129,https://www.wadiz.kr/web/campaign/detail/11757
130,https://www.wadiz.kr/web/campaign/detail/21966
131,https://www.wadiz.kr/web/campaign/detail/65799
132,https://www.wadiz.kr/web/campaign/detail/33849
133,https://www.wadiz.kr/web/campaign/detail/86439
134,https://www.wadiz.kr/web/campaign/detail/28850
135,https://www.wadiz.kr/web/campaign/detail/84267
136,https://www.wadiz.kr/web/campaign/detail/42616
137,https://www.wadiz.kr/web/campaign/detail/13216
138,https://www.wadiz.kr/web/campaign/detail/82314
139,https://www.wadiz.kr/web/campaign/detail/92510
140,https://www.wadiz.kr/web/campaign/detail/8409
141,https://www.wadiz.kr/web/campaign/detail/73697
142,https://www.wadiz.kr/web/campaign/detail/82836
143,https://www.wadiz.kr/web/campaign/detail/366
144,https://www.wadiz.kr/web/campaign/detail/34615
145,https://www.wadiz.kr/web/campaign/detail/48656
146,https://www.wadiz.kr/web/campaign/detail/23243
147,https://www.wadiz.kr/web/campaign/detail/87070
148,https://www.wadiz.kr/web/campaign/detail/91014
149,https://www.wadiz.kr/web/campaign/detail/52434
150,https://www.wadiz.kr/web/campaign/detail/20148
151,https://www.wadiz.kr/web/campaign/detail/83843
152,https://www.wadiz.kr/web/campaign/detail/12153
153,https://www.wadiz.kr/web/campaign/detail/46041
154,https://www.wadiz.kr/web/campaign/detail/30968
155,https://www.wadiz.kr/web/campaign/detail/93366
156,https://www.wadiz.kr/web/campaign/detail/8502
157,https://www.wadiz.kr/web/campaign/detail/88514
158,https://www.wadiz.kr/web/campaign/detail/89945
159,https://www.wadiz.kr/web/campaign/detail/12736
160,https://www.wadiz.kr/web/campaign/detail/26844
161,https://www.wadiz.kr/web/campaign/detail/82537
162,https://www.wadiz.kr/web/campaign/detail/82420
163,https://www.wadiz.kr/web/campaign/detail/90419
164,https://www.wadiz.kr/web/campaign/detail/97112
165,https://www.wadiz.kr/web/campaign/detail/49002
166,https://www.wadiz.kr/web/campaign/detail/82205
167,https://www.wadiz.kr/web/campaign/detail/90112
168,https://www.wadiz.kr/web/campaign/detail/82421
169,https://www.wadiz.kr/web/campaign/detail/85280
170,https://www.wadiz.kr/web/campaign/detail/81389
171,https://www.wadiz.kr/web/campaign/detail/99984
172,https://www.wadiz.kr/web/campaign/detail/82161
173,https://www.wadiz.kr/web/campaign/detail/104738
174,https://www.wadiz.kr/web/campaign/detail/88505
175,https://www.wadiz.kr/web/campaign/detail/97510
176,https://www.wadiz.kr/web/campaign/detail/15206
177,https://www.wadiz.kr/web/campaign/detail/4081
178,https://www.wadiz.kr/web/campaign/detail/5623
179,https://www.wadiz.kr/web/campaign/detail/37260
180,https://www.wadiz.kr/web/campaign/detail/30850
181,https://www.wadiz.kr/web/campaign/detail/81667
182,https://www.wadiz.kr/web/campaign/detail/61279
183,https://www.wadiz.kr/web/campaign/detail/28472
184,https://www.wadiz.kr/web/campaign/detail/77658
185,https://www.wadiz.kr/web/campaign/detail/40927
186,https://www.wadiz.kr/web/campaign/detail/11114
187,https://www.wadiz.kr/web/campaign/detail/88998
188,https://www.wadiz.kr/web/campaign/detail/93173
189,https://www.wadiz.kr/web/campaign/detail/90878
190,https://www.wadiz.kr/web/campaign/detail/1671
191,https://www.wadiz.kr/web/campaign/detail/24421
192,https://www.wadiz.kr/web/campaign/detail/85809
193,https://www.wadiz.kr/web/campaign/detail/4821
194,https://www.wadiz.kr/web/campaign/detail/84019
195,https://www.wadiz.kr/web/campaign/detail/98726
196,https://www.wadiz.kr/web/campaign/detail/357
197,https://www.wadiz.kr/web/campaign/detail/10470
198,https://www.wadiz.kr/web/campaign/detail/11110
199,https://www.wadiz.kr/web/campaign/detail/14457
200,https://www.wadiz.kr/web/campaign/detail/14540
201,https://www.wadiz.kr/web/campaign/detail/16458
202,https://www.wadiz.kr/web/campaign/detail/483
203,https://www.wadiz.kr/web/campaign/detail/83305
204,https://www.wadiz.kr/web/campaign/detail/43831
205,https://www.wadiz.kr/web/campaign/detail/31821
206,https://www.wadiz.kr/web/campaign/detail/8270
207,https://www.wadiz.kr/web/campaign/detail/18873
208,https://www.wadiz.kr/web/campaign/detail/82364
209,https://www.wadiz.kr/web/campaign/detail/706
210,https://www.wadiz.kr/web/campaign/detail/1422
211,https://www.wadiz.kr/web/campaign/detail/90826
212,https://www.wadiz.kr/web/campaign/detail/98087
213,https://www.wadiz.kr/web/campaign/detail/28381
214,https://www.wadiz.kr/web/campaign/detail/99005
215,https://www.wadiz.kr/web/campaign/detail/11246
216,https://www.wadiz.kr/web/campaign/detail/13811
217,https://www.wadiz.kr/web/campaign/detail/58685
218,https://www.wadiz.kr/web/campaign/detail/82641
219,https://www.wadiz.kr/web/campaign/detail/91709
220,https://www.wadiz.kr/web/campaign/detail/5621
221,https://www.wadiz.kr/web/campaign/detail/10373
222,https://www.wadiz.kr/web/campaign/detail/52666
223,https://www.wadiz.kr/web/campaign/detail/102531
224,https://www.wadiz.kr/web/campaign/detail/2491
225,https://www.wadiz.kr/web/campaign/detail/32042
226,https://www.wadiz.kr/web/campaign/detail/100175
227,https://www.wadiz.kr/web/campaign/detail/2309
228,https://www.wadiz.kr/web/campaign/detail/7166
229,https://www.wadiz.kr/web/campaign/detail/11765
230,https://www.wadiz.kr/web/campaign/detail/57577
231,https://www.wadiz.kr/web/campaign/detail/83908
232,https://www.wadiz.kr/web/campaign/detail/38559
233,https://www.wadiz.kr/web/campaign/detail/85310
234,https://www.wadiz.kr/web/campaign/detail/45475
235,https://www.wadiz.kr/web/campaign/detail/8614
236,https://www.wadiz.kr/web/campaign/detail/83960
237,https://www.wadiz.kr/web/campaign/detail/1151
238,https://www.wadiz.kr/web/campaign/detail/88811
239,https://www.wadiz.kr/web/campaign/detail/103702
240,https://www.wadiz.kr/web/campaign/detail/89347
241,https://www.wadiz.kr/web/campaign/detail/581
242,https://www.wadiz.kr/web/campaign/detail/2458
243,https://www.wadiz.kr/web/campaign/detail/25776
244,https://www.wadiz.kr/web/campaign/detail/108545
245,https://www.wadiz.kr/web/campaign/detail/10933
246,https://www.wadiz.kr/web/campaign/detail/15352
247,https://www.wadiz.kr/web/campaign/detail/12345
248,https://www.wadiz.kr/web/campaign/detail/15669
249,https://www.wadiz.kr/web/campaign/detail/30781
250,https://www.wadiz.kr/web/campaign/detail/79691
251,https://www.wadiz.kr/web/campaign/detail/83521
252,https://www.wadiz.kr/web/campaign/detail/53237
253,https://www.wadiz.kr/web/campaign/detail/533
254,https://www.wadiz.kr/web/campaign/detail/81400
255,https://www.wadiz.kr/web/campaign/detail/701
256,https://www.wadiz.kr/web/campaign/detail/1035
257,https://www.wadiz.kr/web/campaign/detail/633
258,https://www.wadiz.kr/web/campaign/detail/3701
259,https://www.wadiz.kr/web/campaign/detail/18787
260,https://www.wadiz.kr/web/campaign/detail/43756
261,https://www.wadiz.kr/web/campaign/detail/2393
262,https://www.wadiz.kr/web/campaign/detail/11312
263,https://www.wadiz.kr/web/campaign/detail/80846
264,https://www.wadiz.kr/web/campaign/detail/83872
265,https://www.wadiz.kr/web/campaign/detail/20824
266,https://www.wadiz.kr/web/campaign/detail/61094
267,https://www.wadiz.kr/web/campaign/detail/23882
268,https://www.wadiz.kr/web/campaign/detail/40286
269,https://www.wadiz.kr/web/campaign/detail/84331
270,https://www.wadiz.kr/web/campaign/detail/28058
271,https://www.wadiz.kr/web/campaign/detail/28773
272,https://www.wadiz.kr/web/campaign/detail/39449
273,https://www.wadiz.kr/web/campaign/detail/5053
274,https://www.wadiz.kr/web/campaign/detail/7090
275,https://www.wadiz.kr/web/campaign/detail/15664
276,https://www.wadiz.kr/web/campaign/detail/57718
277,https://www.wadiz.kr/web/campaign/detail/23127
278,https://www.wadiz.kr/web/campaign/detail/136
279,https://www.wadiz.kr/web/campaign/detail/494
280,https://www.wadiz.kr/web/campaign/detail/10155
281,https://www.wadiz.kr/web/campaign/detail/71253
282,https://www.wadiz.kr/web/campaign/detail/30149
283,https://www.wadiz.kr/web/campaign/detail/86927
284,https://www.wadiz.kr/web/campaign/detail/44250
285,https://www.wadiz.kr/web/campaign/detail/49
286,https://www.wadiz.kr/web/campaign/detail/70497
287,https://www.wadiz.kr/web/campaign/detail/26588
288,https://www.wadiz.kr/web/campaign/detail/38664
289,https://www.wadiz.kr/web/campaign/detail/83054
290,https://www.wadiz.kr/web/campaign/detail/141
291,https://www.wadiz.kr/web/campaign/detail/184
292,https://www.wadiz.kr/web/campaign/detail/575
293,https://www.wadiz.kr/web/campaign/detail/763
294,https://www.wadiz.kr/web/campaign/detail/868
295,https://www.wadiz.kr/web/campaign/detail/4215
296,https://www.wadiz.kr/web/campaign/detail/4830
297,https://www.wadiz.kr/web/campaign/detail/9259
298,https://www.wadiz.kr/web/campaign/detail/11118
299,https://www.wadiz.kr/web/campaign/detail/26603
300,https://www.wadiz.kr/web/campaign/detail/31690
301,https://www.wadiz.kr/web/campaign/detail/2436
302,https://www.wadiz.kr/web/campaign/detail/14634
303,https://www.wadiz.kr/web/campaign/detail/83811
304,https://www.wadiz.kr/web/campaign/detail/54589
305,https://www.wadiz.kr/web/campaign/detail/89278
306,https://www.wadiz.kr/web/campaign/detail/81662
307,https://www.wadiz.kr/web/campaign/detail/83503
308,https://www.wadiz.kr/web/campaign/detail/79444
309,https://www.wadiz.kr/web/campaign/detail/10077
310,https://www.wadiz.kr/web/campaign/detail/71749
311,https://www.wadiz.kr/web/campaign/detail/89791
312,https://www.wadiz.kr/web/campaign/detail/62263
313,https://www.wadiz.kr/web/campaign/detail/50123
314,https://www.wadiz.kr/web/campaign/detail/755
315,https://www.wadiz.kr/web/campaign/detail/80505
316,https://www.wadiz.kr/web/campaign/detail/83833
317,https://www.wadiz.kr/web/campaign/detail/91037
318,https://www.wadiz.kr/web/campaign/detail/95424
319,https://www.wadiz.kr/web/campaign/detail/4330
320,https://www.wadiz.kr/web/campaign/detail/58456
321,https://www.wadiz.kr/web/campaign/detail/90272
322,https://www.wadiz.kr/web/campaign/detail/92338
323,https://www.wadiz.kr/web/campaign/detail/97008
324,https://www.wadiz.kr/web/campaign/detail/104134
325,https://www.wadiz.kr/web/campaign/detail/65070
326,https://www.wadiz.kr/web/campaign/detail/9175
327,https://www.wadiz.kr/web/campaign/detail/13545
328,https://www.wadiz.kr/web/campaign/detail/39681
329,https://www.wadiz.kr/web/campaign/detail/488
330,https://www.wadiz.kr/web/campaign/detail/2907
331,https://www.wadiz.kr/web/campaign/detail/82330
332,https://www.wadiz.kr/web/campaign/detail/11081
333,https://www.wadiz.kr/web/campaign/detail/24605
334,https://www.wadiz.kr/web/campaign/detail/1542
335,https://www.wadiz.kr/web/campaign/detail/9094
336,https://www.wadiz.kr/web/campaign/detail/81732
337,https://www.wadiz.kr/web/campaign/detail/84097
338,https://www.wadiz.kr/web/campaign/detail/9754
339,https://www.wadiz.kr/web/campaign/detail/81476
340,https://www.wadiz.kr/web/campaign/detail/82600
341,https://www.wadiz.kr/web/campaign/detail/11464
342,https://www.wadiz.kr/web/campaign/detail/900
343,https://www.wadiz.kr/web/campaign/detail/82674
344,https://www.wadiz.kr/web/campaign/detail/11270
345,https://www.wadiz.kr/web/campaign/detail/83026
346,https://www.wadiz.kr/web/campaign/detail/83617
347,https://www.wadiz.kr/web/campaign/detail/84002
348,https://www.wadiz.kr/web/campaign/detail/93933
349,https://www.wadiz.kr/web/campaign/detail/18900
350,https://www.wadiz.kr/web/campaign/detail/91148
351,https://www.wadiz.kr/web/campaign/detail/470
352,https://www.wadiz.kr/web/campaign/detail/8208
353,https://www.wadiz.kr/web/campaign/detail/31836
354,https://www.wadiz.kr/web/campaign/detail/100425
355,https://www.wadiz.kr/web/campaign/detail/104638
356,https://www.wadiz.kr/web/campaign/detail/106203
357,https://www.wadiz.kr/web/campaign/detail/19883
358,https://www.wadiz.kr/web/campaign/detail/986
359,https://www.wadiz.kr/web/campaign/detail/35744
360,https://www.wadiz.kr/web/campaign/detail/91082
361,https://www.wadiz.kr/web/campaign/detail/1105
362,https://www.wadiz.kr/web/campaign/detail/60082
363,https://www.wadiz.kr/web/campaign/detail/13116
364,https://www.wadiz.kr/web/campaign/detail/15596
365,https://www.wadiz.kr/web/campaign/detail/81663
366,https://www.wadiz.kr/web/campaign/detail/58509
367,https://www.wadiz.kr/web/campaign/detail/20867
368,https://www.wadiz.kr/web/campaign/detail/84064
369,https://www.wadiz.kr/web/campaign/detail/14788
370,https://www.wadiz.kr/web/campaign/detail/84120
371,https://www.wadiz.kr/web/campaign/detail/25873
372,https://www.wadiz.kr/web/campaign/detail/11886
373,https://www.wadiz.kr/web/campaign/detail/68380
374,https://www.wadiz.kr/web/campaign/detail/97913
375,https://www.wadiz.kr/web/campaign/detail/22431
376,https://www.wadiz.kr/web/campaign/detail/83076
377,https://www.wadiz.kr/web/campaign/detail/82645
378,https://www.wadiz.kr/web/campaign/detail/82582
379,https://www.wadiz.kr/web/campaign/detail/83154
380,https://www.wadiz.kr/web/campaign/detail/88919
381,https://www.wadiz.kr/web/campaign/detail/624
382,https://www.wadiz.kr/web/campaign/detail/21418
383,https://www.wadiz.kr/web/campaign/detail/83659
384,https://www.wadiz.kr/web/campaign/detail/89259
385,https://www.wadiz.kr/web/campaign/detail/1963
386,https://www.wadiz.kr/web/campaign/detail/84005
387,https://www.wadiz.kr/web/campaign/detail/81973
388,https://www.wadiz.kr/web/campaign/detail/82354
389,https://www.wadiz.kr/web/campaign/detail/83946
390,https://www.wadiz.kr/web/campaign/detail/91949
391,https://www.wadiz.kr/web/campaign/detail/886
392,https://www.wadiz.kr/web/campaign/detail/13341
393,https://www.wadiz.kr/web/campaign/detail/59886
394,https://www.wadiz.kr/web/campaign/detail/24977
395,https://www.wadiz.kr/web/campaign/detail/81165
396,https://www.wadiz.kr/web/campaign/detail/86473
397,https://www.wadiz.kr/web/campaign/detail/90294
398,https://www.wadiz.kr/web/campaign/detail/1465
399,https://www.wadiz.kr/web/campaign/detail/12088
400,https://www.wadiz.kr/web/campaign/detail/12763
401,https://www.wadiz.kr/web/campaign/detail/58088
402,https://www.wadiz.kr/web/campaign/detail/82809
403,https://www.wadiz.kr/web/campaign/detail/51516
404,https://www.wadiz.kr/web/campaign/detail/53501
405,https://www.wadiz.kr/web/campaign/detail/11555
406,https://www.wadiz.kr/web/campaign/detail/83595
407,https://www.wadiz.kr/web/campaign/detail/3441
408,https://www.wadiz.kr/web/campaign/detail/13778
409,https://www.wadiz.kr/web/campaign/detail/41287
410,https://www.wadiz.kr/web/campaign/detail/97371
411,https://www.wadiz.kr/web/campaign/detail/98780
412,https://www.wadiz.kr/web/campaign/detail/1176
413,https://www.wadiz.kr/web/campaign/detail/9225
414,https://www.wadiz.kr/web/campaign/detail/15813
415,https://www.wadiz.kr/web/campaign/detail/21620
416,https://www.wadiz.kr/web/campaign/detail/4244
417,https://www.wadiz.kr/web/campaign/detail/61060
418,https://www.wadiz.kr/web/campaign/detail/82924
419,https://www.wadiz.kr/web/campaign/detail/84044
420,https://www.wadiz.kr/web/campaign/detail/86011
421,https://www.wadiz.kr/web/campaign/detail/2257
422,https://www.wadiz.kr/web/campaign/detail/2898
423,https://www.wadiz.kr/web/campaign/detail/9483
424,https://www.wadiz.kr/web/campaign/detail/12463
425,https://www.wadiz.kr/web/campaign/detail/51567
426,https://www.wadiz.kr/web/campaign/detail/90607
427,https://www.wadiz.kr/web/campaign/detail/11079
428,https://www.wadiz.kr/web/campaign/detail/13610
429,https://www.wadiz.kr/web/campaign/detail/14138
430,https://www.wadiz.kr/web/campaign/detail/92345
431,https://www.wadiz.kr/web/campaign/detail/10707
432,https://www.wadiz.kr/web/campaign/detail/90807
433,https://www.wadiz.kr/web/campaign/detail/42376
434,https://www.wadiz.kr/web/campaign/detail/11696
435,https://www.wadiz.kr/web/campaign/detail/24424
436,https://www.wadiz.kr/web/campaign/detail/83891
437,https://www.wadiz.kr/web/campaign/detail/102575
438,https://www.wadiz.kr/web/campaign/detail/2671
439,https://www.wadiz.kr/web/campaign/detail/4524
440,https://www.wadiz.kr/web/campaign/detail/8663
441,https://www.wadiz.kr/web/campaign/detail/37581
442,https://www.wadiz.kr/web/campaign/detail/510
443,https://www.wadiz.kr/web/campaign/detail/17802
444,https://www.wadiz.kr/web/campaign/detail/19222
445,https://www.wadiz.kr/web/campaign/detail/22118
446,https://www.wadiz.kr/web/campaign/detail/83895
447,https://www.wadiz.kr/web/campaign/detail/39384
448,https://www.wadiz.kr/web/campaign/detail/1659
449,https://www.wadiz.kr/web/campaign/detail/9070
450,https://www.wadiz.kr/web/campaign/detail/80571
451,https://www.wadiz.kr/web/campaign/detail/178
452,https://www.wadiz.kr/web/campaign/detail/486
453,https://www.wadiz.kr/web/campaign/detail/603
454,https://www.wadiz.kr/web/campaign/detail/5556
455,https://www.wadiz.kr/web/campaign/detail/19563
456,https://www.wadiz.kr/web/campaign/detail/68215
457,https://www.wadiz.kr/web/campaign/detail/69083
458,https://www.wadiz.kr/web/campaign/detail/25921
459,https://www.wadiz.kr/web/campaign/detail/26046
460,https://www.wadiz.kr/web/campaign/detail/32089
461,https://www.wadiz.kr/web/campaign/detail/72987
462,https://www.wadiz.kr/web/campaign/detail/20081
463,https://www.wadiz.kr/web/campaign/detail/23355
464,https://www.wadiz.kr/web/campaign/detail/78011
465,https://www.wadiz.kr/web/campaign/detail/79099
466,https://www.wadiz.kr/web/campaign/detail/87052
467,https://www.wadiz.kr/web/campaign/detail/95813
468,https://www.wadiz.kr/web/campaign/detail/101104
